game,subject_mark,winner,subject_result,reason,attempts,moves,subject_decisions,subject_legal,subject_illegal,subject_optimal_legal,opponent_decisions,opponent_legal,opponent_illegal,opponent_optimal_legal
1,X,X,W,illegal_forfeit:O,2,1,1,1,0,1,1,0,1,0
2,O,O,W,illegal_forfeit:X,7,6,3,3,0,1,4,3,1,2
3,X,X,W,illegal_forfeit:O,2,1,1,1,0,1,1,0,1,0
4,O,X,L,illegal_forfeit:O,2,1,1,0,1,0,1,1,0,1
5,X,X,W,illegal_forfeit:O,2,1,1,1,0,1,1,0,1,0
6,O,O,W,normal,6,6,3,3,0,3,3,3,0,2
7,X,X,W,normal,5,5,3,3,0,3,2,2,0,1
8,O,O,W,illegal_forfeit:X,3,2,1,1,0,1,2,1,1,1
9,X,X,W,illegal_forfeit:O,6,5,3,3,0,2,3,2,1,1
10,O,O,W,illegal_forfeit:X,5,4,2,2,0,2,3,2,1,2
11,X,X,W,illegal_forfeit:O,4,3,2,2,0,2,2,1,1,0
12,O,O,W,illegal_forfeit:X,5,4,2,2,0,1,3,2,1,2
13,X,X,W,illegal_forfeit:O,6,5,3,3,0,3,3,2,1,1
14,O,O,W,illegal_forfeit:X,5,4,2,2,0,2,3,2,1,2
15,X,X,W,illegal_forfeit:O,6,5,3,3,0,2,3,2,1,1
16,O,O,W,illegal_forfeit:X,5,4,2,2,0,2,3,2,1,2
17,X,X,W,illegal_forfeit:O,4,3,2,2,0,2,2,1,1,1
18,O,O,W,illegal_forfeit:X,3,2,1,1,0,1,2,1,1,1
19,X,X,W,illegal_forfeit:O,6,5,3,3,0,3,3,2,1,1
20,O,X,L,illegal_forfeit:O,2,1,1,0,1,0,1,1,0,1
21,X,X,W,illegal_forfeit:O,8,7,4,4,0,2,4,3,1,1
22,O,O,W,illegal_forfeit:X,7,6,3,3,0,2,4,3,1,3
23,X,X,W,illegal_forfeit:O,8,7,4,4,0,3,4,3,1,2
24,O,O,W,illegal_forfeit:X,3,2,1,1,0,1,2,1,1,1
25,X,X,W,illegal_forfeit:O,6,5,3,3,0,3,3,2,1,1
26,O,O,W,illegal_forfeit:X,5,4,2,2,0,1,3,2,1,2
27,X,X,W,normal,5,5,3,3,0,3,2,2,0,1
28,O,O,W,illegal_forfeit:X,5,4,2,2,0,2,3,2,1,1
29,X,X,W,illegal_forfeit:O,6,5,3,3,0,2,3,2,1,0
30,O,O,W,illegal_forfeit:X,5,4,2,2,0,1,3,2,1,2
31,X,X,W,illegal_forfeit:O,4,3,2,2,0,1,2,1,1,0
32,O,O,W,illegal_forfeit:X,5,4,2,2,0,2,3,2,1,2
33,X,X,W,illegal_forfeit:O,4,3,2,2,0,1,2,1,1,0
34,O,O,W,illegal_forfeit:X,3,2,1,1,0,1,2,1,1,1
35,X,X,W,illegal_forfeit:O,2,1,1,1,0,1,1,0,1,0
36,O,O,W,illegal_forfeit:X,7,6,3,3,0,3,4,3,1,2
37,X,X,W,illegal_forfeit:O,4,3,2,2,0,2,2,1,1,1
38,O,O,W,illegal_forfeit:X,7,6,3,3,0,2,4,3,1,2
39,X,X,W,illegal_forfeit:O,2,1,1,1,0,1,1,0,1,0
40,O,O,W,illegal_forfeit:X,5,4,2,2,0,2,3,2,1,2
41,X,X,W,illegal_forfeit:O,4,3,2,2,0,2,2,1,1,0
42,O,O,W,illegal_forfeit:X,3,2,1,1,0,1,2,1,1,1
43,X,X,W,illegal_forfeit:O,6,5,3,3,0,1,3,2,1,1
44,O,O,W,illegal_forfeit:X,7,6,3,3,0,2,4,3,1,3
45,X,X,W,illegal_forfeit:O,4,3,2,2,0,1,2,1,1,0
46,O,O,W,illegal_forfeit:X,3,2,1,1,0,1,2,1,1,1
47,X,X,W,illegal_forfeit:O,8,7,4,4,0,2,4,3,1,2
48,O,O,W,illegal_forfeit:X,7,6,3,3,0,2,4,3,1,2
49,X,X,W,illegal_forfeit:O,2,1,1,1,0,1,1,0,1,0
50,O,O,W,illegal_forfeit:X,7,6,3,3,0,2,4,3,1,2
51,X,X,W,illegal_forfeit:O,8,7,4,4,0,1,4,3,1,1
52,O,O,W,illegal_forfeit:X,7,6,3,3,0,2,4,3,1,2
53,X,X,W,illegal_forfeit:O,4,3,2,2,0,2,2,1,1,1
54,O,O,W,illegal_forfeit:X,7,6,3,3,0,2,4,3,1,3
55,X,X,W,illegal_forfeit:O,4,3,2,2,0,1,2,1,1,0
56,O,O,W,normal,6,6,3,3,0,3,3,3,0,2
57,X,DRAW,D,normal,9,9,5,5,0,4,4,4,0,3
58,O,O,W,illegal_forfeit:X,5,4,2,2,0,2,3,2,1,2
59,X,X,W,illegal_forfeit:O,6,5,3,3,0,2,3,2,1,2
60,O,O,W,illegal_forfeit:X,3,2,1,1,0,1,2,1,1,1
61,X,X,W,illegal_forfeit:O,2,1,1,1,0,1,1,0,1,0
62,O,O,W,illegal_forfeit:X,7,6,3,3,0,2,4,3,1,2
63,X,X,W,illegal_forfeit:O,6,5,3,3,0,2,3,2,1,1
64,O,O,W,illegal_forfeit:X,5,4,2,2,0,1,3,2,1,2
65,X,X,W,illegal_forfeit:O,2,1,1,1,0,1,1,0,1,0
66,O,O,W,illegal_forfeit:X,3,2,1,1,0,1,2,1,1,1
67,X,X,W,illegal_forfeit:O,8,7,4,4,0,4,4,3,1,3
68,O,O,W,illegal_forfeit:X,5,4,2,2,0,1,3,2,1,2
69,X,X,W,illegal_forfeit:O,6,5,3,3,0,3,3,2,1,1
70,O,O,W,illegal_forfeit:X,7,6,3,3,0,2,4,3,1,2
71,X,X,W,illegal_forfeit:O,6,5,3,3,0,1,3,2,1,0
72,O,O,W,illegal_forfeit:X,5,4,2,2,0,1,3,2,1,2
73,X,X,W,normal,5,5,3,3,0,3,2,2,0,1
74,O,O,W,illegal_forfeit:X,7,6,3,3,0,3,4,3,1,2
75,X,X,W,illegal_forfeit:O,6,5,3,3,0,3,3,2,1,1
76,O,O,W,illegal_forfeit:X,3,2,1,1,0,1,2,1,1,1
77,X,X,W,illegal_forfeit:O,2,1,1,1,0,1,1,0,1,0
78,O,O,W,illegal_forfeit:X,5,4,2,2,0,2,3,2,1,2
79,X,X,W,illegal_forfeit:O,6,5,3,3,0,3,3,2,1,1
80,O,O,W,illegal_forfeit:X,9,8,4,4,0,4,5,4,1,4
81,X,DRAW,D,normal,9,9,5,5,0,2,4,4,0,1
82,O,O,W,illegal_forfeit:X,3,2,1,1,0,1,2,1,1,1
83,X,X,W,illegal_forfeit:O,4,3,2,2,0,2,2,1,1,0
84,O,O,W,normal,8,8,4,4,0,3,4,4,0,3
85,X,X,W,normal,5,5,3,3,0,3,2,2,0,1
86,O,O,W,illegal_forfeit:X,5,4,2,2,0,2,3,2,1,2
87,X,X,W,illegal_forfeit:O,6,5,3,3,0,1,3,2,1,1
88,O,O,W,illegal_forfeit:X,3,2,1,1,0,1,2,1,1,1
89,X,X,W,illegal_forfeit:O,8,7,4,4,0,4,4,3,1,2
90,O,X,L,normal,7,7,3,3,0,2,4,4,0,4
91,X,X,W,illegal_forfeit:O,4,3,2,2,0,2,2,1,1,0
92,O,X,L,normal,5,5,2,2,0,1,3,3,0,3
93,X,X,W,illegal_forfeit:O,6,5,3,3,0,3,3,2,1,1
94,O,O,W,illegal_forfeit:X,7,6,3,3,0,2,4,3,1,2
95,X,X,W,illegal_forfeit:O,8,7,4,4,0,3,4,3,1,2
96,O,O,W,illegal_forfeit:X,7,6,3,3,0,2,4,3,1,2
97,X,X,W,illegal_forfeit:O,6,5,3,3,0,3,3,2,1,1
98,O,O,W,illegal_forfeit:X,3,2,1,1,0,1,2,1,1,1
99,X,X,W,illegal_forfeit:O,4,3,2,2,0,2,2,1,1,1
100,O,O,W,illegal_forfeit:X,7,6,3,3,0,1,4,3,1,2
101,X,X,W,illegal_forfeit:O,4,3,2,2,0,2,2,1,1,1
102,O,O,W,illegal_forfeit:X,9,8,4,4,0,4,5,4,1,4
103,X,X,W,illegal_forfeit:O,6,5,3,3,0,3,3,2,1,1
104,O,O,W,illegal_forfeit:X,5,4,2,2,0,1,3,2,1,2
105,X,X,W,illegal_forfeit:O,6,5,3,3,0,3,3,2,1,1
106,O,DRAW,D,normal,9,9,4,4,0,3,5,5,0,4
107,X,X,W,normal,5,5,3,3,0,3,2,2,0,1
108,O,O,W,illegal_forfeit:X,7,6,3,3,0,3,4,3,1,2
109,X,X,W,illegal_forfeit:O,8,7,4,4,0,3,4,3,1,2
110,O,O,W,illegal_forfeit:X,3,2,1,1,0,1,2,1,1,1
111,X,X,W,illegal_forfeit:O,2,1,1,1,0,1,1,0,1,0
112,O,O,W,illegal_forfeit:X,5,4,2,2,0,2,3,2,1,2
113,X,X,W,normal,7,7,4,4,0,4,3,3,0,2
114,O,O,W,illegal_forfeit:X,5,4,2,2,0,1,3,2,1,2
115,X,X,W,illegal_forfeit:O,4,3,2,2,0,1,2,1,1,0
116,O,O,W,illegal_forfeit:X,3,2,1,1,0,1,2,1,1,1
117,X,X,W,illegal_forfeit:O,4,3,2,2,0,2,2,1,1,1
118,O,O,W,illegal_forfeit:X,3,2,1,1,0,1,2,1,1,1
119,X,X,W,normal,7,7,4,4,0,4,3,3,0,2
120,O,O,W,normal,6,6,3,3,0,2,3,3,0,2
121,X,X,W,illegal_forfeit:O,2,1,1,1,0,1,1,0,1,0
122,O,O,W,illegal_forfeit:X,3,2,1,1,0,1,2,1,1,1
123,X,X,W,illegal_forfeit:O,4,3,2,2,0,2,2,1,1,1
124,O,O,W,illegal_forfeit:X,5,4,2,2,0,2,3,2,1,2
125,X,X,W,illegal_forfeit:O,2,1,1,1,0,1,1,0,1,0
126,O,O,W,illegal_forfeit:X,5,4,2,2,0,1,3,2,1,2
127,X,X,W,normal,5,5,3,3,0,3,2,2,0,1
128,O,O,W,illegal_forfeit:X,7,6,3,3,0,3,4,3,1,2
129,X,X,W,illegal_forfeit:O,6,5,3,3,0,3,3,2,1,1
130,O,O,W,illegal_forfeit:X,7,6,3,3,0,1,4,3,1,2
131,X,X,W,illegal_forfeit:O,6,5,3,3,0,2,3,2,1,0
132,O,X,L,illegal_forfeit:O,2,1,1,0,1,0,1,1,0,1
133,X,X,W,illegal_forfeit:O,4,3,2,2,0,2,2,1,1,0
134,O,O,W,illegal_forfeit:X,5,4,2,2,0,1,3,2,1,2
135,X,X,W,illegal_forfeit:O,4,3,2,2,0,2,2,1,1,1
136,O,O,W,illegal_forfeit:X,7,6,3,3,0,3,4,3,1,2
137,X,X,W,illegal_forfeit:O,4,3,2,2,0,2,2,1,1,1
138,O,O,W,illegal_forfeit:X,5,4,2,2,0,2,3,2,1,2
139,X,O,L,normal,6,6,3,3,0,1,3,3,0,2
140,O,O,W,illegal_forfeit:X,7,6,3,3,0,3,4,3,1,3
141,X,X,W,normal,5,5,3,3,0,3,2,2,0,1
142,O,O,W,illegal_forfeit:X,7,6,3,3,0,3,4,3,1,2
143,X,X,W,illegal_forfeit:O,6,5,3,3,0,3,3,2,1,1
144,O,O,W,illegal_forfeit:X,7,6,3,3,0,2,4,3,1,3
145,X,X,W,normal,5,5,3,3,0,3,2,2,0,1
146,O,O,W,illegal_forfeit:X,9,8,4,4,0,2,5,4,1,3
147,X,X,W,illegal_forfeit:O,6,5,3,3,0,3,3,2,1,1
148,O,O,W,illegal_forfeit:X,7,6,3,3,0,2,4,3,1,3
149,X,X,W,illegal_forfeit:O,6,5,3,3,0,2,3,2,1,1
150,O,O,W,illegal_forfeit:X,5,4,2,2,0,2,3,2,1,2
151,X,X,W,illegal_forfeit:O,2,1,1,1,0,1,1,0,1,0
152,O,O,W,illegal_forfeit:X,3,2,1,1,0,1,2,1,1,1
153,X,X,W,normal,5,5,3,3,0,3,2,2,0,1
154,O,O,W,illegal_forfeit:X,7,6,3,3,0,2,4,3,1,2
155,X,X,W,illegal_forfeit:O,4,3,2,2,0,2,2,1,1,0
156,O,O,W,illegal_forfeit:X,5,4,2,2,0,1,3,2,1,2
157,X,X,W,illegal_forfeit:O,6,5,3,3,0,1,3,2,1,0
158,O,O,W,illegal_forfeit:X,5,4,2,2,0,2,3,2,1,2
159,X,X,W,illegal_forfeit:O,4,3,2,2,0,2,2,1,1,0
160,O,O,W,illegal_forfeit:X,5,4,2,2,0,1,3,2,1,2
161,X,X,W,illegal_forfeit:O,4,3,2,2,0,2,2,1,1,0
162,O,O,W,normal,6,6,3,3,0,3,3,3,0,2
163,X,X,W,illegal_forfeit:O,2,1,1,1,0,1,1,0,1,0
164,O,X,L,normal,7,7,3,3,0,2,4,4,0,4
165,X,X,W,illegal_forfeit:O,8,7,4,4,0,3,4,3,1,2
166,O,O,W,illegal_forfeit:X,3,2,1,1,0,1,2,1,1,1
167,X,X,W,illegal_forfeit:O,4,3,2,2,0,2,2,1,1,1
168,O,O,W,normal,6,6,3,3,0,3,3,3,0,2
169,X,X,W,illegal_forfeit:O,4,3,2,2,0,2,2,1,1,0
170,O,O,W,illegal_forfeit:X,7,6,3,3,0,2,4,3,1,2
171,X,X,W,illegal_forfeit:O,4,3,2,2,0,2,2,1,1,1
172,O,O,W,illegal_forfeit:X,5,4,2,2,0,1,3,2,1,2
173,X,X,W,illegal_forfeit:O,2,1,1,1,0,1,1,0,1,0
174,O,O,W,illegal_forfeit:X,7,6,3,3,0,2,4,3,1,3
175,X,X,W,illegal_forfeit:O,4,3,2,2,0,2,2,1,1,1
176,O,O,W,illegal_forfeit:X,5,4,2,2,0,1,3,2,1,2
177,X,X,W,illegal_forfeit:O,6,5,3,3,0,3,3,2,1,1
178,O,O,W,normal,6,6,3,3,0,3,3,3,0,2
179,X,X,W,illegal_forfeit:O,6,5,3,3,0,2,3,2,1,1
180,O,O,W,illegal_forfeit:X,5,4,2,2,0,2,3,2,1,2
181,X,X,W,illegal_forfeit:O,2,1,1,1,0,1,1,0,1,0
182,O,O,W,illegal_forfeit:X,5,4,2,2,0,1,3,2,1,2
183,X,X,W,illegal_forfeit:O,4,3,2,2,0,2,2,1,1,1
184,O,O,W,illegal_forfeit:X,5,4,2,2,0,2,3,2,1,2
185,X,X,W,illegal_forfeit:O,4,3,2,2,0,2,2,1,1,1
186,O,O,W,illegal_forfeit:X,7,6,3,3,0,2,4,3,1,3
187,X,X,W,normal,5,5,3,3,0,3,2,2,0,1
188,O,O,W,illegal_forfeit:X,3,2,1,1,0,1,2,1,1,1
189,X,X,W,illegal_forfeit:O,6,5,3,3,0,3,3,2,1,2
190,O,O,W,illegal_forfeit:X,5,4,2,2,0,1,3,2,1,2
191,X,X,W,illegal_forfeit:O,2,1,1,1,0,1,1,0,1,0
192,O,O,W,illegal_forfeit:X,7,6,3,3,0,2,4,3,1,2
193,X,X,W,illegal_forfeit:O,2,1,1,1,0,1,1,0,1,0
194,O,O,W,illegal_forfeit:X,5,4,2,2,0,2,3,2,1,2
195,X,X,W,normal,5,5,3,3,0,3,2,2,0,1
196,O,O,W,illegal_forfeit:X,7,6,3,3,0,2,4,3,1,3
197,X,X,W,illegal_forfeit:O,4,3,2,2,0,2,2,1,1,0
198,O,O,W,illegal_forfeit:X,5,4,2,2,0,2,3,2,1,2
199,X,X,W,normal,5,5,3,3,0,3,2,2,0,1
200,O,O,W,illegal_forfeit:X,5,4,2,2,0,2,3,2,1,2
201,X,X,W,illegal_forfeit:O,2,1,1,1,0,1,1,0,1,0
202,O,O,W,illegal_forfeit:X,9,8,4,4,0,2,5,4,1,3
203,X,X,W,illegal_forfeit:O,2,1,1,1,0,1,1,0,1,0
204,O,O,W,illegal_forfeit:X,5,4,2,2,0,2,3,2,1,2
205,X,X,W,illegal_forfeit:O,4,3,2,2,0,2,2,1,1,1
206,O,O,W,illegal_forfeit:X,3,2,1,1,0,1,2,1,1,1
207,X,X,W,illegal_forfeit:O,6,5,3,3,0,3,3,2,1,1
208,O,O,W,illegal_forfeit:X,5,4,2,2,0,1,3,2,1,2
209,X,X,W,illegal_forfeit:O,6,5,3,3,0,3,3,2,1,1
210,O,O,W,illegal_forfeit:X,7,6,3,3,0,2,4,3,1,2
211,X,X,W,illegal_forfeit:O,8,7,4,4,0,1,4,3,1,1
212,O,O,W,illegal_forfeit:X,7,6,3,3,0,2,4,3,1,2
213,X,X,W,illegal_forfeit:O,6,5,3,3,0,2,3,2,1,1
214,O,O,W,illegal_forfeit:X,7,6,3,3,0,2,4,3,1,2
215,X,X,W,normal,7,7,4,4,0,4,3,3,0,2
216,O,O,W,illegal_forfeit:X,7,6,3,3,0,2,4,3,1,2
217,X,X,W,illegal_forfeit:O,4,3,2,2,0,2,2,1,1,0
218,O,O,W,illegal_forfeit:X,5,4,2,2,0,2,3,2,1,2
219,X,X,W,illegal_forfeit:O,4,3,2,2,0,1,2,1,1,0
220,O,O,W,illegal_forfeit:X,3,2,1,1,0,1,2,1,1,1
221,X,X,W,illegal_forfeit:O,4,3,2,2,0,2,2,1,1,1
222,O,O,W,normal,6,6,3,3,0,3,3,3,0,2
223,X,X,W,illegal_forfeit:O,6,5,3,3,0,3,3,2,1,1
224,O,O,W,illegal_forfeit:X,9,8,4,4,0,3,5,4,1,4
225,X,X,W,illegal_forfeit:O,8,7,4,4,0,3,4,3,1,1
226,O,O,W,normal,8,8,4,4,0,4,4,4,0,3
227,X,X,W,illegal_forfeit:O,8,7,4,4,0,2,4,3,1,1
228,O,X,L,normal,9,9,4,4,0,3,5,5,0,5
229,X,X,W,illegal_forfeit:O,4,3,2,2,0,1,2,1,1,0
230,O,O,W,illegal_forfeit:X,3,2,1,1,0,1,2,1,1,1
231,X,X,W,illegal_forfeit:O,4,3,2,2,0,2,2,1,1,1
232,O,O,W,illegal_forfeit:X,5,4,2,2,0,1,3,2,1,2
233,X,X,W,illegal_forfeit:O,4,3,2,2,0,1,2,1,1,0
234,O,O,W,normal,6,6,3,3,0,3,3,3,0,2
235,X,X,W,normal,7,7,4,4,0,3,3,3,0,1
236,O,O,W,illegal_forfeit:X,3,2,1,1,0,1,2,1,1,1
237,X,X,W,illegal_forfeit:O,6,5,3,3,0,2,3,2,1,0
238,O,O,W,illegal_forfeit:X,5,4,2,2,0,2,3,2,1,2
239,X,X,W,illegal_forfeit:O,6,5,3,3,0,3,3,2,1,2
240,O,O,W,illegal_forfeit:X,5,4,2,2,0,1,3,2,1,2
241,X,X,W,normal,5,5,3,3,0,3,2,2,0,1
242,O,O,W,illegal_forfeit:X,7,6,3,3,0,2,4,3,1,3
243,X,X,W,illegal_forfeit:O,2,1,1,1,0,1,1,0,1,0
244,O,O,W,illegal_forfeit:X,5,4,2,2,0,2,3,2,1,2
245,X,X,W,illegal_forfeit:O,4,3,2,2,0,2,2,1,1,1
246,O,O,W,illegal_forfeit:X,5,4,2,2,0,1,3,2,1,2
247,X,X,W,illegal_forfeit:O,4,3,2,2,0,1,2,1,1,0
248,O,O,W,illegal_forfeit:X,5,4,2,2,0,1,3,2,1,2
249,X,X,W,normal,7,7,4,4,0,4,3,3,0,2
250,O,O,W,illegal_forfeit:X,7,6,3,3,0,3,4,3,1,3
251,X,X,W,illegal_forfeit:O,6,5,3,3,0,2,3,2,1,0
252,O,O,W,illegal_forfeit:X,5,4,2,2,0,2,3,2,1,2
253,X,X,W,illegal_forfeit:O,6,5,3,3,0,3,3,2,1,2
254,O,O,W,illegal_forfeit:X,7,6,3,3,0,2,4,3,1,3
255,X,X,W,illegal_forfeit:O,8,7,4,4,0,3,4,3,1,2
256,O,O,W,illegal_forfeit:X,7,6,3,3,0,2,4,3,1,3
257,X,X,W,normal,5,5,3,3,0,3,2,2,0,1
258,O,O,W,illegal_forfeit:X,5,4,2,2,0,2,3,2,1,2
259,X,X,W,illegal_forfeit:O,6,5,3,3,0,3,3,2,1,1
260,O,O,W,illegal_forfeit:X,7,6,3,3,0,2,4,3,1,2
261,X,X,W,illegal_forfeit:O,4,3,2,2,0,2,2,1,1,1
262,O,O,W,illegal_forfeit:X,5,4,2,2,0,2,3,2,1,1
263,X,X,W,illegal_forfeit:O,8,7,4,4,0,2,4,3,1,0
264,O,O,W,illegal_forfeit:X,9,8,4,4,0,3,5,4,1,3
265,X,X,W,normal,9,9,5,5,0,4,4,4,0,2
266,O,O,W,normal,6,6,3,3,0,3,3,3,0,2
267,X,X,W,illegal_forfeit:O,8,7,4,4,0,1,4,3,1,1
268,O,O,W,illegal_forfeit:X,7,6,3,3,0,3,4,3,1,2
269,X,X,W,normal,5,5,3,3,0,3,2,2,0,1
270,O,X,L,illegal_forfeit:O,2,1,1,0,1,0,1,1,0,1
271,X,X,W,illegal_forfeit:O,8,7,4,4,0,2,4,3,1,1
272,O,O,W,illegal_forfeit:X,7,6,3,3,0,2,4,3,1,3
273,X,X,W,illegal_forfeit:O,2,1,1,1,0,1,1,0,1,0
274,O,O,W,illegal_forfeit:X,9,8,4,4,0,3,5,4,1,3
275,X,O,L,normal,8,8,4,4,0,3,4,4,0,3
276,O,O,W,illegal_forfeit:X,5,4,2,2,0,1,3,2,1,2
277,X,O,L,normal,6,6,3,3,0,2,3,3,0,3
278,O,O,W,illegal_forfeit:X,7,6,3,3,0,3,4,3,1,2
279,X,X,W,illegal_forfeit:O,4,3,2,2,0,2,2,1,1,1
280,O,O,W,illegal_forfeit:X,5,4,2,2,0,2,3,2,1,2
281,X,X,W,illegal_forfeit:O,6,5,3,3,0,3,3,2,1,1
282,O,O,W,normal,8,8,4,4,0,3,4,4,0,3
283,X,X,W,normal,5,5,3,3,0,3,2,2,0,1
284,O,O,W,normal,8,8,4,4,0,3,4,4,0,2
285,X,X,W,illegal_forfeit:O,6,5,3,3,0,2,3,2,1,1
286,O,O,W,illegal_forfeit:X,7,6,3,3,0,2,4,3,1,2
287,X,X,W,illegal_forfeit:O,4,3,2,2,0,2,2,1,1,1
288,O,O,W,illegal_forfeit:X,3,2,1,1,0,1,2,1,1,1
289,X,X,W,illegal_forfeit:O,4,3,2,2,0,2,2,1,1,1
290,O,O,W,illegal_forfeit:X,3,2,1,1,0,1,2,1,1,1
291,X,X,W,illegal_forfeit:O,4,3,2,2,0,2,2,1,1,1
292,O,O,W,illegal_forfeit:X,3,2,1,1,0,1,2,1,1,1
293,X,X,W,illegal_forfeit:O,6,5,3,3,0,2,3,2,1,1
294,O,O,W,illegal_forfeit:X,5,4,2,2,0,2,3,2,1,2
295,X,X,W,illegal_forfeit:O,4,3,2,2,0,2,2,1,1,0
296,O,O,W,illegal_forfeit:X,3,2,1,1,0,1,2,1,1,1
297,X,X,W,normal,5,5,3,3,0,3,2,2,0,1
298,O,O,W,illegal_forfeit:X,3,2,1,1,0,1,2,1,1,1
299,X,X,W,illegal_forfeit:O,6,5,3,3,0,2,3,2,1,1
300,O,O,W,illegal_forfeit:X,7,6,3,3,0,1,4,3,1,2
301,X,X,W,illegal_forfeit:O,4,3,2,2,0,2,2,1,1,1
302,O,O,W,illegal_forfeit:X,5,4,2,2,0,1,3,2,1,2
303,X,X,W,illegal_forfeit:O,2,1,1,1,0,1,1,0,1,0
304,O,O,W,illegal_forfeit:X,5,4,2,2,0,2,3,2,1,2
305,X,X,W,normal,5,5,3,3,0,3,2,2,0,1
306,O,O,W,illegal_forfeit:X,3,2,1,1,0,1,2,1,1,1
307,X,X,W,illegal_forfeit:O,4,3,2,2,0,2,2,1,1,1
308,O,O,W,illegal_forfeit:X,5,4,2,2,0,2,3,2,1,2
309,X,X,W,illegal_forfeit:O,2,1,1,1,0,1,1,0,1,0
310,O,O,W,illegal_forfeit:X,3,2,1,1,0,1,2,1,1,1
311,X,X,W,illegal_forfeit:O,4,3,2,2,0,2,2,1,1,1
312,O,O,W,illegal_forfeit:X,5,4,2,2,0,1,3,2,1,2
313,X,X,W,illegal_forfeit:O,4,3,2,2,0,2,2,1,1,0
314,O,O,W,illegal_forfeit:X,9,8,4,4,0,3,5,4,1,3
315,X,X,W,illegal_forfeit:O,4,3,2,2,0,2,2,1,1,1
316,O,O,W,illegal_forfeit:X,7,6,3,3,0,2,4,3,1,2
317,X,X,W,illegal_forfeit:O,4,3,2,2,0,2,2,1,1,0
318,O,O,W,normal,6,6,3,3,0,3,3,3,0,2
319,X,X,W,illegal_forfeit:O,4,3,2,2,0,2,2,1,1,1
320,O,O,W,illegal_forfeit:X,5,4,2,2,0,2,3,2,1,2
321,X,X,W,normal,7,7,4,4,0,4,3,3,0,2
322,O,O,W,illegal_forfeit:X,3,2,1,1,0,1,2,1,1,1
323,X,X,W,illegal_forfeit:O,2,1,1,1,0,1,1,0,1,0
324,O,O,W,illegal_forfeit:X,5,4,2,2,0,2,3,2,1,2
325,X,X,W,illegal_forfeit:O,6,5,3,3,0,3,3,2,1,1
326,O,O,W,illegal_forfeit:X,5,4,2,2,0,2,3,2,1,2
327,X,X,W,normal,5,5,3,3,0,3,2,2,0,1
328,O,O,W,illegal_forfeit:X,3,2,1,1,0,1,2,1,1,1
329,X,X,W,normal,7,7,4,4,0,4,3,3,0,2
330,O,O,W,illegal_forfeit:X,5,4,2,2,0,1,3,2,1,2
331,X,X,W,illegal_forfeit:O,2,1,1,1,0,1,1,0,1,0
332,O,O,W,illegal_forfeit:X,5,4,2,2,0,2,3,2,1,2
333,X,X,W,illegal_forfeit:O,2,1,1,1,0,1,1,0,1,0
334,O,O,W,illegal_forfeit:X,7,6,3,3,0,1,4,3,1,2
335,X,X,W,illegal_forfeit:O,4,3,2,2,0,1,2,1,1,0
336,O,O,W,illegal_forfeit:X,5,4,2,2,0,1,3,2,1,2
337,X,X,W,illegal_forfeit:O,6,5,3,3,0,2,3,2,1,0
338,O,O,W,normal,6,6,3,3,0,3,3,3,0,2
339,X,X,W,illegal_forfeit:O,8,7,4,4,0,1,4,3,1,1
340,O,O,W,illegal_forfeit:X,3,2,1,1,0,1,2,1,1,1
341,X,X,W,illegal_forfeit:O,8,7,4,4,0,3,4,3,1,2
342,O,X,L,illegal_forfeit:O,2,1,1,0,1,0,1,1,0,1
343,X,X,W,illegal_forfeit:O,4,3,2,2,0,1,2,1,1,0
344,O,X,L,illegal_forfeit:O,2,1,1,0,1,0,1,1,0,1
345,X,X,W,illegal_forfeit:O,6,5,3,3,0,3,3,2,1,2
346,O,O,W,illegal_forfeit:X,5,4,2,2,0,1,3,2,1,2
347,X,X,W,illegal_forfeit:O,4,3,2,2,0,1,2,1,1,0
348,O,O,W,illegal_forfeit:X,5,4,2,2,0,2,3,2,1,2
349,X,X,W,illegal_forfeit:O,8,7,4,4,0,2,4,3,1,1
350,O,O,W,normal,8,8,4,4,0,2,4,4,0,2
351,X,X,W,illegal_forfeit:O,4,3,2,2,0,2,2,1,1,0
352,O,O,W,illegal_forfeit:X,5,4,2,2,0,2,3,2,1,2
353,X,X,W,illegal_forfeit:O,4,3,2,2,0,2,2,1,1,0
354,O,O,W,normal,6,6,3,3,0,3,3,3,0,2
355,X,X,W,illegal_forfeit:O,6,5,3,3,0,2,3,2,1,1
356,O,O,W,illegal_forfeit:X,3,2,1,1,0,1,2,1,1,1
357,X,X,W,illegal_forfeit:O,4,3,2,2,0,2,2,1,1,1
358,O,X,L,normal,9,9,4,4,0,2,5,5,0,3
359,X,X,W,illegal_forfeit:O,4,3,2,2,0,1,2,1,1,0
360,O,O,W,illegal_forfeit:X,9,8,4,4,0,3,5,4,1,3
361,X,X,W,illegal_forfeit:O,2,1,1,1,0,1,1,0,1,0
362,O,O,W,illegal_forfeit:X,5,4,2,2,0,2,3,2,1,2
363,X,X,W,normal,9,9,5,5,0,4,4,4,0,2
364,O,O,W,illegal_forfeit:X,7,6,3,3,0,2,4,3,1,2
365,X,X,W,illegal_forfeit:O,8,7,4,4,0,3,4,3,1,2
366,O,O,W,illegal_forfeit:X,3,2,1,1,0,1,2,1,1,1
367,X,X,W,illegal_forfeit:O,4,3,2,2,0,2,2,1,1,0
368,O,O,W,illegal_forfeit:X,5,4,2,2,0,1,3,2,1,2
369,X,X,W,illegal_forfeit:O,6,5,3,3,0,3,3,2,1,2
370,O,X,L,normal,7,7,3,3,0,2,4,4,0,4
371,X,X,W,illegal_forfeit:O,6,5,3,3,0,2,3,2,1,1
372,O,O,W,normal,8,8,4,4,0,4,4,4,0,3
373,X,X,W,illegal_forfeit:O,4,3,2,2,0,2,2,1,1,0
374,O,O,W,illegal_forfeit:X,5,4,2,2,0,1,3,2,1,2
375,X,X,W,illegal_forfeit:O,6,5,3,3,0,2,3,2,1,1
376,O,O,W,normal,6,6,3,3,0,3,3,3,0,2
377,X,X,W,illegal_forfeit:O,4,3,2,2,0,2,2,1,1,0
378,O,O,W,illegal_forfeit:X,7,6,3,3,0,3,4,3,1,2
379,X,X,W,illegal_forfeit:O,4,3,2,2,0,2,2,1,1,1
380,O,O,W,illegal_forfeit:X,5,4,2,2,0,1,3,2,1,2
381,X,X,W,illegal_forfeit:O,4,3,2,2,0,2,2,1,1,0
382,O,O,W,illegal_forfeit:X,5,4,2,2,0,2,3,2,1,2
383,X,X,W,illegal_forfeit:O,6,5,3,3,0,3,3,2,1,1
384,O,O,W,illegal_forfeit:X,3,2,1,1,0,1,2,1,1,1
385,X,X,W,illegal_forfeit:O,8,7,4,4,0,3,4,3,1,2
386,O,O,W,illegal_forfeit:X,9,8,4,4,0,2,5,4,1,2
387,X,X,W,illegal_forfeit:O,6,5,3,3,0,3,3,2,1,1
388,O,O,W,illegal_forfeit:X,3,2,1,1,0,1,2,1,1,1
389,X,X,W,illegal_forfeit:O,2,1,1,1,0,1,1,0,1,0
390,O,O,W,illegal_forfeit:X,5,4,2,2,0,1,3,2,1,2
391,X,X,W,illegal_forfeit:O,6,5,3,3,0,3,3,2,1,1
392,O,O,W,illegal_forfeit:X,3,2,1,1,0,1,2,1,1,1
393,X,X,W,illegal_forfeit:O,4,3,2,2,0,2,2,1,1,0
394,O,O,W,illegal_forfeit:X,5,4,2,2,0,1,3,2,1,2
395,X,X,W,illegal_forfeit:O,6,5,3,3,0,3,3,2,1,1
396,O,O,W,illegal_forfeit:X,9,8,4,4,0,3,5,4,1,3
397,X,X,W,illegal_forfeit:O,4,3,2,2,0,2,2,1,1,1
398,O,O,W,illegal_forfeit:X,5,4,2,2,0,2,3,2,1,2
399,X,X,W,normal,5,5,3,3,0,3,2,2,0,1
400,O,O,W,illegal_forfeit:X,3,2,1,1,0,1,2,1,1,1
401,X,X,W,illegal_forfeit:O,4,3,2,2,0,2,2,1,1,1
402,O,O,W,illegal_forfeit:X,7,6,3,3,0,1,4,3,1,2
403,X,X,W,illegal_forfeit:O,4,3,2,2,0,1,2,1,1,0
404,O,X,L,normal,7,7,3,3,0,2,4,4,0,3
405,X,X,W,illegal_forfeit:O,8,7,4,4,0,3,4,3,1,2
406,O,O,W,illegal_forfeit:X,5,4,2,2,0,2,3,2,1,2
407,X,X,W,illegal_forfeit:O,4,3,2,2,0,2,2,1,1,1
408,O,O,W,illegal_forfeit:X,5,4,2,2,0,1,3,2,1,2
409,X,X,W,normal,5,5,3,3,0,3,2,2,0,1
410,O,O,W,illegal_forfeit:X,5,4,2,2,0,2,3,2,1,2
411,X,X,W,illegal_forfeit:O,6,5,3,3,0,1,3,2,1,1
412,O,O,W,illegal_forfeit:X,3,2,1,1,0,1,2,1,1,1
413,X,O,L,normal,6,6,3,3,0,1,3,3,0,2
414,O,O,W,illegal_forfeit:X,7,6,3,3,0,2,4,3,1,2
415,X,X,W,normal,5,5,3,3,0,3,2,2,0,1
416,O,O,W,illegal_forfeit:X,5,4,2,2,0,2,3,2,1,2
417,X,X,W,illegal_forfeit:O,4,3,2,2,0,2,2,1,1,1
418,O,O,W,illegal_forfeit:X,7,6,3,3,0,3,4,3,1,2
419,X,X,W,illegal_forfeit:O,4,3,2,2,0,2,2,1,1,1
420,O,O,W,illegal_forfeit:X,3,2,1,1,0,1,2,1,1,1
421,X,X,W,illegal_forfeit:O,2,1,1,1,0,1,1,0,1,0
422,O,O,W,illegal_forfeit:X,7,6,3,3,0,3,4,3,1,2
423,X,X,W,illegal_forfeit:O,8,7,4,4,0,4,4,3,1,3
424,O,O,W,illegal_forfeit:X,5,4,2,2,0,2,3,2,1,2
425,X,X,W,illegal_forfeit:O,2,1,1,1,0,1,1,0,1,0
426,O,O,W,illegal_forfeit:X,3,2,1,1,0,1,2,1,1,1
427,X,X,W,illegal_forfeit:O,2,1,1,1,0,1,1,0,1,0
428,O,X,L,normal,7,7,3,3,0,2,4,4,0,4
429,X,X,W,illegal_forfeit:O,6,5,3,3,0,3,3,2,1,1
430,O,X,L,illegal_forfeit:O,2,1,1,0,1,0,1,1,0,1
431,X,X,W,illegal_forfeit:O,4,3,2,2,0,2,2,1,1,0
432,O,O,W,illegal_forfeit:X,3,2,1,1,0,1,2,1,1,1
433,X,X,W,illegal_forfeit:O,8,7,4,4,0,3,4,3,1,2
434,O,O,W,illegal_forfeit:X,5,4,2,2,0,2,3,2,1,1
435,X,X,W,illegal_forfeit:O,4,3,2,2,0,2,2,1,1,0
436,O,O,W,illegal_forfeit:X,3,2,1,1,0,1,2,1,1,1
437,X,X,W,normal,5,5,3,3,0,3,2,2,0,1
438,O,O,W,illegal_forfeit:X,3,2,1,1,0,1,2,1,1,1
439,X,X,W,illegal_forfeit:O,6,5,3,3,0,2,3,2,1,1
440,O,O,W,illegal_forfeit:X,9,8,4,4,0,2,5,4,1,3
441,X,X,W,illegal_forfeit:O,4,3,2,2,0,2,2,1,1,1
442,O,O,W,normal,6,6,3,3,0,3,3,3,0,2
443,X,X,W,illegal_forfeit:O,6,5,3,3,0,3,3,2,1,1
444,O,O,W,illegal_forfeit:X,9,8,4,4,0,2,5,4,1,2
445,X,X,W,normal,5,5,3,3,0,3,2,2,0,1
446,O,O,W,normal,6,6,3,3,0,3,3,3,0,2
447,X,X,W,illegal_forfeit:O,4,3,2,2,0,2,2,1,1,0
448,O,O,W,illegal_forfeit:X,7,6,3,3,0,2,4,3,1,3
449,X,X,W,illegal_forfeit:O,2,1,1,1,0,1,1,0,1,0
450,O,O,W,illegal_forfeit:X,3,2,1,1,0,1,2,1,1,1
451,X,X,W,normal,5,5,3,3,0,3,2,2,0,1
452,O,O,W,illegal_forfeit:X,3,2,1,1,0,1,2,1,1,1
453,X,X,W,illegal_forfeit:O,4,3,2,2,0,2,2,1,1,1
454,O,O,W,illegal_forfeit:X,7,6,3,3,0,3,4,3,1,2
455,X,X,W,illegal_forfeit:O,4,3,2,2,0,1,2,1,1,0
456,O,O,W,illegal_forfeit:X,7,6,3,3,0,3,4,3,1,3
457,X,X,W,illegal_forfeit:O,8,7,4,4,0,2,4,3,1,1
458,O,O,W,illegal_forfeit:X,5,4,2,2,0,2,3,2,1,2
459,X,X,W,illegal_forfeit:O,6,5,3,3,0,3,3,2,1,2
460,O,O,W,illegal_forfeit:X,7,6,3,3,0,1,4,3,1,2
461,X,X,W,normal,9,9,5,5,0,4,4,4,0,2
462,O,O,W,illegal_forfeit:X,5,4,2,2,0,1,3,2,1,2
463,X,X,W,illegal_forfeit:O,4,3,2,2,0,2,2,1,1,1
464,O,O,W,illegal_forfeit:X,7,6,3,3,0,2,4,3,1,2
465,X,X,W,illegal_forfeit:O,4,3,2,2,0,2,2,1,1,0
466,O,O,W,normal,6,6,3,3,0,3,3,3,0,2
467,X,X,W,illegal_forfeit:O,4,3,2,2,0,2,2,1,1,1
468,O,O,W,illegal_forfeit:X,5,4,2,2,0,2,3,2,1,2
469,X,X,W,illegal_forfeit:O,6,5,3,3,0,3,3,2,1,1
470,O,O,W,illegal_forfeit:X,7,6,3,3,0,1,4,3,1,2
471,X,X,W,illegal_forfeit:O,4,3,2,2,0,2,2,1,1,1
472,O,O,W,illegal_forfeit:X,7,6,3,3,0,2,4,3,1,2
473,X,X,W,illegal_forfeit:O,6,5,3,3,0,3,3,2,1,1
474,O,O,W,illegal_forfeit:X,5,4,2,2,0,2,3,2,1,2
475,X,X,W,normal,5,5,3,3,0,3,2,2,0,1
476,O,O,W,illegal_forfeit:X,3,2,1,1,0,1,2,1,1,1
477,X,X,W,illegal_forfeit:O,4,3,2,2,0,2,2,1,1,1
478,O,O,W,illegal_forfeit:X,9,8,4,4,0,2,5,4,1,3
479,X,X,W,normal,5,5,3,3,0,3,2,2,0,1
480,O,O,W,normal,6,6,3,3,0,3,3,3,0,2
481,X,X,W,illegal_forfeit:O,6,5,3,3,0,3,3,2,1,2
482,O,O,W,illegal_forfeit:X,5,4,2,2,0,1,3,2,1,2
483,X,X,W,normal,7,7,4,4,0,4,3,3,0,2
484,O,O,W,illegal_forfeit:X,7,6,3,3,0,3,4,3,1,2
485,X,X,W,illegal_forfeit:O,6,5,3,3,0,2,3,2,1,2
486,O,O,W,illegal_forfeit:X,7,6,3,3,0,2,4,3,1,2
487,X,X,W,illegal_forfeit:O,6,5,3,3,0,2,3,2,1,1
488,O,O,W,illegal_forfeit:X,7,6,3,3,0,2,4,3,1,3
489,X,X,W,illegal_forfeit:O,8,7,4,4,0,3,4,3,1,2
490,O,O,W,illegal_forfeit:X,5,4,2,2,0,1,3,2,1,2
491,X,X,W,illegal_forfeit:O,4,3,2,2,0,1,2,1,1,0
492,O,O,W,illegal_forfeit:X,3,2,1,1,0,1,2,1,1,1
493,X,X,W,illegal_forfeit:O,4,3,2,2,0,2,2,1,1,1
494,O,O,W,illegal_forfeit:X,3,2,1,1,0,1,2,1,1,1
495,X,X,W,illegal_forfeit:O,4,3,2,2,0,2,2,1,1,0
496,O,O,W,illegal_forfeit:X,5,4,2,2,0,1,3,2,1,2
497,X,X,W,illegal_forfeit:O,6,5,3,3,0,3,3,2,1,1
498,O,O,W,illegal_forfeit:X,5,4,2,2,0,1,3,2,1,2
499,X,X,W,illegal_forfeit:O,6,5,3,3,0,3,3,2,1,1
500,O,O,W,illegal_forfeit:X,3,2,1,1,0,1,2,1,1,1
501,X,X,W,illegal_forfeit:O,6,5,3,3,0,2,3,2,1,1
502,O,O,W,illegal_forfeit:X,5,4,2,2,0,1,3,2,1,2
503,X,X,W,illegal_forfeit:O,2,1,1,1,0,1,1,0,1,0
504,O,O,W,illegal_forfeit:X,7,6,3,3,0,1,4,3,1,2
505,X,X,W,illegal_forfeit:O,4,3,2,2,0,2,2,1,1,0
506,O,O,W,illegal_forfeit:X,3,2,1,1,0,1,2,1,1,1
507,X,X,W,illegal_forfeit:O,6,5,3,3,0,3,3,2,1,1
508,O,O,W,illegal_forfeit:X,7,6,3,3,0,1,4,3,1,2
509,X,X,W,normal,5,5,3,3,0,3,2,2,0,1
510,O,O,W,illegal_forfeit:X,7,6,3,3,0,2,4,3,1,2
511,X,X,W,normal,5,5,3,3,0,3,2,2,0,1
512,O,X,L,normal,7,7,3,3,0,2,4,4,0,3
513,X,X,W,normal,5,5,3,3,0,3,2,2,0,1
514,O,O,W,illegal_forfeit:X,5,4,2,2,0,2,3,2,1,2
515,X,X,W,normal,7,7,4,4,0,4,3,3,0,2
516,O,O,W,illegal_forfeit:X,5,4,2,2,0,2,3,2,1,2
517,X,X,W,illegal_forfeit:O,6,5,3,3,0,3,3,2,1,1
518,O,O,W,illegal_forfeit:X,3,2,1,1,0,1,2,1,1,1
519,X,X,W,illegal_forfeit:O,4,3,2,2,0,2,2,1,1,1
520,O,O,W,normal,6,6,3,3,0,3,3,3,0,2
521,X,X,W,illegal_forfeit:O,4,3,2,2,0,2,2,1,1,0
522,O,O,W,illegal_forfeit:X,3,2,1,1,0,1,2,1,1,1
523,X,X,W,normal,7,7,4,4,0,4,3,3,0,2
524,O,O,W,illegal_forfeit:X,5,4,2,2,0,2,3,2,1,2
525,X,X,W,illegal_forfeit:O,4,3,2,2,0,2,2,1,1,1
526,O,O,W,illegal_forfeit:X,3,2,1,1,0,1,2,1,1,1
527,X,X,W,illegal_forfeit:O,2,1,1,1,0,1,1,0,1,0
528,O,O,W,illegal_forfeit:X,7,6,3,3,0,2,4,3,1,2
529,X,X,W,illegal_forfeit:O,2,1,1,1,0,1,1,0,1,0
530,O,O,W,illegal_forfeit:X,3,2,1,1,0,1,2,1,1,1
531,X,X,W,illegal_forfeit:O,6,5,3,3,0,3,3,2,1,1
532,O,O,W,illegal_forfeit:X,3,2,1,1,0,1,2,1,1,1
533,X,X,W,illegal_forfeit:O,6,5,3,3,0,3,3,2,1,1
534,O,O,W,illegal_forfeit:X,3,2,1,1,0,1,2,1,1,1
535,X,X,W,illegal_forfeit:O,4,3,2,2,0,2,2,1,1,1
536,O,O,W,normal,6,6,3,3,0,3,3,3,0,2
537,X,X,W,illegal_forfeit:O,6,5,3,3,0,2,3,2,1,1
538,O,O,W,illegal_forfeit:X,3,2,1,1,0,1,2,1,1,1
539,X,X,W,illegal_forfeit:O,4,3,2,2,0,1,2,1,1,0
540,O,X,L,illegal_forfeit:O,2,1,1,0,1,0,1,1,0,1
541,X,X,W,illegal_forfeit:O,6,5,3,3,0,3,3,2,1,1
542,O,O,W,illegal_forfeit:X,7,6,3,3,0,2,4,3,1,2
543,X,X,W,illegal_forfeit:O,4,3,2,2,0,2,2,1,1,1
544,O,O,W,illegal_forfeit:X,3,2,1,1,0,1,2,1,1,1
545,X,X,W,illegal_forfeit:O,4,3,2,2,0,2,2,1,1,1
546,O,O,W,illegal_forfeit:X,5,4,2,2,0,2,3,2,1,2
547,X,X,W,illegal_forfeit:O,8,7,4,4,0,3,4,3,1,3
548,O,O,W,illegal_forfeit:X,7,6,3,3,0,3,4,3,1,2
549,X,X,W,illegal_forfeit:O,4,3,2,2,0,2,2,1,1,1
550,O,O,W,normal,6,6,3,3,0,3,3,3,0,2
551,X,X,W,normal,9,9,5,5,0,3,4,4,0,1
552,O,O,W,illegal_forfeit:X,3,2,1,1,0,1,2,1,1,1
553,X,X,W,illegal_forfeit:O,8,7,4,4,0,1,4,3,1,1
554,O,O,W,illegal_forfeit:X,5,4,2,2,0,2,3,2,1,2
555,X,X,W,illegal_forfeit:O,4,3,2,2,0,2,2,1,1,0
556,O,O,W,illegal_forfeit:X,5,4,2,2,0,1,3,2,1,2
557,X,DRAW,D,normal,9,9,5,5,0,4,4,4,0,3
558,O,O,W,illegal_forfeit:X,5,4,2,2,0,1,3,2,1,2
559,X,X,W,illegal_forfeit:O,2,1,1,1,0,1,1,0,1,0
560,O,O,W,normal,8,8,4,4,0,3,4,4,0,3
561,X,X,W,illegal_forfeit:O,6,5,3,3,0,3,3,2,1,1
562,O,O,W,normal,8,8,4,4,0,4,4,4,0,3
563,X,X,W,illegal_forfeit:O,4,3,2,2,0,2,2,1,1,0
564,O,O,W,illegal_forfeit:X,7,6,3,3,0,2,4,3,1,3
565,X,X,W,illegal_forfeit:O,4,3,2,2,0,2,2,1,1,1
566,O,O,W,illegal_forfeit:X,5,4,2,2,0,2,3,2,1,1
567,X,X,W,illegal_forfeit:O,4,3,2,2,0,2,2,1,1,0
568,O,O,W,illegal_forfeit:X,3,2,1,1,0,1,2,1,1,1
569,X,X,W,illegal_forfeit:O,4,3,2,2,0,2,2,1,1,1
570,O,O,W,illegal_forfeit:X,5,4,2,2,0,1,3,2,1,2
571,X,X,W,illegal_forfeit:O,6,5,3,3,0,3,3,2,1,1
572,O,O,W,illegal_forfeit:X,5,4,2,2,0,2,3,2,1,2
573,X,X,W,illegal_forfeit:O,2,1,1,1,0,1,1,0,1,0
574,O,X,L,normal,7,7,3,3,0,2,4,4,0,4
575,X,X,W,illegal_forfeit:O,8,7,4,4,0,3,4,3,1,2
576,O,O,W,illegal_forfeit:X,7,6,3,3,0,2,4,3,1,2
577,X,X,W,illegal_forfeit:O,6,5,3,3,0,2,3,2,1,1
578,O,X,L,normal,5,5,2,2,0,1,3,3,0,3
579,X,X,W,normal,5,5,3,3,0,3,2,2,0,1
580,O,O,W,illegal_forfeit:X,7,6,3,3,0,2,4,3,1,3
581,X,X,W,illegal_forfeit:O,6,5,3,3,0,2,3,2,1,1
582,O,O,W,illegal_forfeit:X,9,8,4,4,0,3,5,4,1,3
583,X,X,W,illegal_forfeit:O,6,5,3,3,0,2,3,2,1,1
584,O,X,L,illegal_forfeit:O,2,1,1,0,1,0,1,1,0,1
585,X,X,W,illegal_forfeit:O,4,3,2,2,0,1,2,1,1,0
586,O,X,L,illegal_forfeit:O,2,1,1,0,1,0,1,1,0,1
587,X,X,W,illegal_forfeit:O,6,5,3,3,0,3,3,2,1,1
588,O,O,W,illegal_forfeit:X,7,6,3,3,0,3,4,3,1,2
589,X,X,W,illegal_forfeit:O,4,3,2,2,0,1,2,1,1,0
590,O,O,W,illegal_forfeit:X,7,6,3,3,0,2,4,3,1,3
591,X,X,W,normal,5,5,3,3,0,3,2,2,0,1
592,O,O,W,illegal_forfeit:X,7,6,3,3,0,3,4,3,1,3
593,X,X,W,illegal_forfeit:O,6,5,3,3,0,2,3,2,1,1
594,O,O,W,normal,6,6,3,3,0,3,3,3,0,2
595,X,X,W,illegal_forfeit:O,4,3,2,2,0,2,2,1,1,0
596,O,O,W,illegal_forfeit:X,7,6,3,3,0,2,4,3,1,2
597,X,X,W,illegal_forfeit:O,8,7,4,4,0,2,4,3,1,1
598,O,O,W,illegal_forfeit:X,3,2,1,1,0,1,2,1,1,1
599,X,X,W,illegal_forfeit:O,4,3,2,2,0,2,2,1,1,1
600,O,O,W,illegal_forfeit:X,5,4,2,2,0,2,3,2,1,2
601,X,X,W,illegal_forfeit:O,4,3,2,2,0,2,2,1,1,1
602,O,O,W,illegal_forfeit:X,5,4,2,2,0,2,3,2,1,2
603,X,X,W,illegal_forfeit:O,8,7,4,4,0,2,4,3,1,1
604,O,O,W,illegal_forfeit:X,7,6,3,3,0,2,4,3,1,2
605,X,X,W,illegal_forfeit:O,4,3,2,2,0,2,2,1,1,1
606,O,O,W,illegal_forfeit:X,3,2,1,1,0,1,2,1,1,1
607,X,X,W,illegal_forfeit:O,2,1,1,1,0,1,1,0,1,0
608,O,O,W,illegal_forfeit:X,9,8,4,4,0,2,5,4,1,2
609,X,X,W,illegal_forfeit:O,4,3,2,2,0,2,2,1,1,1
610,O,O,W,illegal_forfeit:X,9,8,4,4,0,3,5,4,1,3
611,X,X,W,illegal_forfeit:O,6,5,3,3,0,3,3,2,1,1
612,O,O,W,illegal_forfeit:X,7,6,3,3,0,2,4,3,1,3
613,X,X,W,illegal_forfeit:O,6,5,3,3,0,2,3,2,1,1
614,O,O,W,illegal_forfeit:X,5,4,2,2,0,1,3,2,1,2
615,X,X,W,illegal_forfeit:O,6,5,3,3,0,2,3,2,1,1
616,O,O,W,illegal_forfeit:X,9,8,4,4,0,1,5,4,1,2
617,X,X,W,illegal_forfeit:O,4,3,2,2,0,1,2,1,1,0
618,O,X,L,normal,7,7,3,3,0,1,4,4,0,3
619,X,X,W,illegal_forfeit:O,2,1,1,1,0,1,1,0,1,0
620,O,O,W,illegal_forfeit:X,7,6,3,3,0,2,4,3,1,2
621,X,X,W,illegal_forfeit:O,6,5,3,3,0,2,3,2,1,1
622,O,O,W,illegal_forfeit:X,7,6,3,3,0,3,4,3,1,2
623,X,X,W,illegal_forfeit:O,6,5,3,3,0,2,3,2,1,1
624,O,O,W,illegal_forfeit:X,7,6,3,3,0,2,4,3,1,3
625,X,X,W,illegal_forfeit:O,4,3,2,2,0,2,2,1,1,1
626,O,O,W,illegal_forfeit:X,5,4,2,2,0,2,3,2,1,2
627,X,X,W,illegal_forfeit:O,2,1,1,1,0,1,1,0,1,0
628,O,O,W,illegal_forfeit:X,7,6,3,3,0,3,4,3,1,2
629,X,X,W,illegal_forfeit:O,6,5,3,3,0,3,3,2,1,1
630,O,O,W,illegal_forfeit:X,7,6,3,3,0,2,4,3,1,3
631,X,X,W,normal,7,7,4,4,0,4,3,3,0,2
632,O,X,L,illegal_forfeit:O,2,1,1,0,1,0,1,1,0,1
633,X,X,W,illegal_forfeit:O,4,3,2,2,0,2,2,1,1,1
634,O,O,W,illegal_forfeit:X,5,4,2,2,0,1,3,2,1,2
635,X,X,W,illegal_forfeit:O,6,5,3,3,0,2,3,2,1,1
636,O,O,W,illegal_forfeit:X,3,2,1,1,0,1,2,1,1,1
637,X,X,W,illegal_forfeit:O,4,3,2,2,0,2,2,1,1,1
638,O,O,W,illegal_forfeit:X,5,4,2,2,0,2,3,2,1,2
639,X,X,W,illegal_forfeit:O,6,5,3,3,0,2,3,2,1,1
640,O,O,W,illegal_forfeit:X,3,2,1,1,0,1,2,1,1,1
641,X,X,W,illegal_forfeit:O,2,1,1,1,0,1,1,0,1,0
642,O,O,W,illegal_forfeit:X,3,2,1,1,0,1,2,1,1,1
643,X,X,W,illegal_forfeit:O,8,7,4,4,0,2,4,3,1,2
644,O,O,W,illegal_forfeit:X,7,6,3,3,0,1,4,3,1,2
645,X,X,W,illegal_forfeit:O,6,5,3,3,0,3,3,2,1,1
646,O,O,W,illegal_forfeit:X,7,6,3,3,0,2,4,3,1,2
647,X,X,W,illegal_forfeit:O,4,3,2,2,0,2,2,1,1,1
648,O,O,W,illegal_forfeit:X,3,2,1,1,0,1,2,1,1,1
649,X,X,W,normal,5,5,3,3,0,3,2,2,0,1
650,O,O,W,illegal_forfeit:X,5,4,2,2,0,2,3,2,1,2
651,X,X,W,illegal_forfeit:O,4,3,2,2,0,2,2,1,1,1
652,O,X,L,normal,7,7,3,3,0,2,4,4,0,4
653,X,X,W,normal,5,5,3,3,0,3,2,2,0,1
654,O,O,W,illegal_forfeit:X,5,4,2,2,0,2,3,2,1,2
655,X,X,W,illegal_forfeit:O,4,3,2,2,0,1,2,1,1,0
656,O,O,W,illegal_forfeit:X,5,4,2,2,0,2,3,2,1,2
657,X,X,W,illegal_forfeit:O,4,3,2,2,0,2,2,1,1,1
658,O,O,W,illegal_forfeit:X,7,6,3,3,0,2,4,3,1,2
659,X,X,W,illegal_forfeit:O,2,1,1,1,0,1,1,0,1,0
660,O,O,W,illegal_forfeit:X,3,2,1,1,0,1,2,1,1,1
661,X,X,W,illegal_forfeit:O,8,7,4,4,0,4,4,3,1,2
662,O,O,W,illegal_forfeit:X,7,6,3,3,0,1,4,3,1,2
663,X,X,W,illegal_forfeit:O,4,3,2,2,0,2,2,1,1,0
664,O,X,L,normal,5,5,2,2,0,1,3,3,0,3
665,X,X,W,illegal_forfeit:O,6,5,3,3,0,3,3,2,1,2
666,O,O,W,illegal_forfeit:X,9,8,4,4,0,3,5,4,1,3
667,X,X,W,normal,5,5,3,3,0,3,2,2,0,1
668,O,O,W,illegal_forfeit:X,7,6,3,3,0,1,4,3,1,2
669,X,O,L,normal,6,6,3,3,0,1,3,3,0,2
670,O,O,W,illegal_forfeit:X,5,4,2,2,0,2,3,2,1,2
671,X,X,W,illegal_forfeit:O,2,1,1,1,0,1,1,0,1,0
672,O,O,W,illegal_forfeit:X,3,2,1,1,0,1,2,1,1,1
673,X,X,W,illegal_forfeit:O,6,5,3,3,0,2,3,2,1,0
674,O,O,W,illegal_forfeit:X,7,6,3,3,0,2,4,3,1,2
675,X,X,W,normal,5,5,3,3,0,3,2,2,0,1
676,O,O,W,illegal_forfeit:X,7,6,3,3,0,2,4,3,1,2
677,X,X,W,illegal_forfeit:O,4,3,2,2,0,2,2,1,1,1
678,O,O,W,illegal_forfeit:X,3,2,1,1,0,1,2,1,1,1
679,X,X,W,illegal_forfeit:O,4,3,2,2,0,1,2,1,1,0
680,O,O,W,illegal_forfeit:X,5,4,2,2,0,2,3,2,1,2
681,X,X,W,illegal_forfeit:O,4,3,2,2,0,1,2,1,1,0
682,O,O,W,illegal_forfeit:X,7,6,3,3,0,3,4,3,1,3
683,X,X,W,normal,5,5,3,3,0,3,2,2,0,1
684,O,O,W,illegal_forfeit:X,7,6,3,3,0,1,4,3,1,2
685,X,X,W,illegal_forfeit:O,8,7,4,4,0,1,4,3,1,1
686,O,O,W,normal,6,6,3,3,0,3,3,3,0,2
687,X,X,W,illegal_forfeit:O,6,5,3,3,0,3,3,2,1,1
688,O,O,W,illegal_forfeit:X,5,4,2,2,0,1,3,2,1,2
689,X,X,W,illegal_forfeit:O,6,5,3,3,0,3,3,2,1,1
690,O,O,W,normal,6,6,3,3,0,3,3,3,0,2
691,X,X,W,illegal_forfeit:O,6,5,3,3,0,2,3,2,1,2
692,O,O,W,illegal_forfeit:X,3,2,1,1,0,1,2,1,1,1
693,X,X,W,illegal_forfeit:O,6,5,3,3,0,3,3,2,1,1
694,O,O,W,illegal_forfeit:X,5,4,2,2,0,2,3,2,1,2
695,X,X,W,normal,5,5,3,3,0,3,2,2,0,1
696,O,O,W,illegal_forfeit:X,3,2,1,1,0,1,2,1,1,1
697,X,X,W,normal,5,5,3,3,0,3,2,2,0,1
698,O,O,W,illegal_forfeit:X,5,4,2,2,0,1,3,2,1,2
699,X,X,W,illegal_forfeit:O,2,1,1,1,0,1,1,0,1,0
700,O,O,W,illegal_forfeit:X,7,6,3,3,0,2,4,3,1,2
701,X,X,W,normal,7,7,4,4,0,4,3,3,0,2
702,O,O,W,illegal_forfeit:X,7,6,3,3,0,1,4,3,1,2
703,X,X,W,illegal_forfeit:O,6,5,3,3,0,2,3,2,1,1
704,O,O,W,illegal_forfeit:X,3,2,1,1,0,1,2,1,1,1
705,X,O,L,illegal_forfeit:X,5,4,3,2,1,1,2,2,0,1
706,O,O,W,illegal_forfeit:X,3,2,1,1,0,1,2,1,1,1
707,X,X,W,illegal_forfeit:O,2,1,1,1,0,1,1,0,1,0
708,O,O,W,normal,6,6,3,3,0,3,3,3,0,2
709,X,X,W,illegal_forfeit:O,6,5,3,3,0,3,3,2,1,1
710,O,O,W,illegal_forfeit:X,5,4,2,2,0,1,3,2,1,2
711,X,X,W,illegal_forfeit:O,4,3,2,2,0,2,2,1,1,1
712,O,O,W,illegal_forfeit:X,5,4,2,2,0,2,3,2,1,2
713,X,O,L,illegal_forfeit:X,5,4,3,2,1,1,2,2,0,1
714,O,O,W,illegal_forfeit:X,3,2,1,1,0,1,2,1,1,1
715,X,X,W,normal,5,5,3,3,0,3,2,2,0,1
716,O,O,W,illegal_forfeit:X,7,6,3,3,0,3,4,3,1,3
717,X,X,W,illegal_forfeit:O,4,3,2,2,0,1,2,1,1,0
718,O,O,W,illegal_forfeit:X,5,4,2,2,0,2,3,2,1,2
719,X,X,W,illegal_forfeit:O,6,5,3,3,0,3,3,2,1,1
720,O,O,W,illegal_forfeit:X,5,4,2,2,0,2,3,2,1,2
721,X,X,W,normal,5,5,3,3,0,3,2,2,0,1
722,O,O,W,illegal_forfeit:X,7,6,3,3,0,3,4,3,1,2
723,X,X,W,normal,5,5,3,3,0,3,2,2,0,1
724,O,O,W,illegal_forfeit:X,7,6,3,3,0,2,4,3,1,2
725,X,X,W,illegal_forfeit:O,8,7,4,4,0,3,4,3,1,2
726,O,O,W,illegal_forfeit:X,3,2,1,1,0,1,2,1,1,1
727,X,X,W,illegal_forfeit:O,6,5,3,3,0,3,3,2,1,1
728,O,O,W,illegal_forfeit:X,5,4,2,2,0,1,3,2,1,2
729,X,X,W,normal,5,5,3,3,0,3,2,2,0,1
730,O,O,W,illegal_forfeit:X,5,4,2,2,0,2,3,2,1,2
731,X,X,W,illegal_forfeit:O,4,3,2,2,0,2,2,1,1,1
732,O,O,W,illegal_forfeit:X,7,6,3,3,0,2,4,3,1,2
733,X,X,W,illegal_forfeit:O,4,3,2,2,0,2,2,1,1,0
734,O,O,W,illegal_forfeit:X,5,4,2,2,0,1,3,2,1,2
735,X,X,W,normal,7,7,4,4,0,4,3,3,0,2
736,O,O,W,illegal_forfeit:X,3,2,1,1,0,1,2,1,1,1
737,X,X,W,illegal_forfeit:O,2,1,1,1,0,1,1,0,1,0
738,O,O,W,illegal_forfeit:X,5,4,2,2,0,1,3,2,1,2
739,X,X,W,illegal_forfeit:O,2,1,1,1,0,1,1,0,1,0
740,O,O,W,illegal_forfeit:X,7,6,3,3,0,1,4,3,1,2
741,X,X,W,illegal_forfeit:O,6,5,3,3,0,2,3,2,1,1
742,O,O,W,illegal_forfeit:X,5,4,2,2,0,2,3,2,1,2
743,X,X,W,normal,5,5,3,3,0,3,2,2,0,1
744,O,O,W,illegal_forfeit:X,7,6,3,3,0,3,4,3,1,2
745,X,X,W,illegal_forfeit:O,4,3,2,2,0,2,2,1,1,1
746,O,X,L,illegal_forfeit:O,2,1,1,0,1,0,1,1,0,1
747,X,X,W,illegal_forfeit:O,4,3,2,2,0,2,2,1,1,0
748,O,O,W,illegal_forfeit:X,7,6,3,3,0,2,4,3,1,2
749,X,X,W,illegal_forfeit:O,4,3,2,2,0,2,2,1,1,0
750,O,O,W,illegal_forfeit:X,9,8,4,4,0,3,5,4,1,3
751,X,X,W,illegal_forfeit:O,6,5,3,3,0,2,3,2,1,1
752,O,O,W,illegal_forfeit:X,3,2,1,1,0,1,2,1,1,1
753,X,X,W,illegal_forfeit:O,6,5,3,3,0,1,3,2,1,1
754,O,X,L,illegal_forfeit:O,2,1,1,0,1,0,1,1,0,1
755,X,X,W,illegal_forfeit:O,4,3,2,2,0,2,2,1,1,1
756,O,O,W,illegal_forfeit:X,5,4,2,2,0,1,3,2,1,2
757,X,X,W,illegal_forfeit:O,4,3,2,2,0,2,2,1,1,1
758,O,O,W,illegal_forfeit:X,5,4,2,2,0,2,3,2,1,2
759,X,X,W,illegal_forfeit:O,4,3,2,2,0,2,2,1,1,1
760,O,O,W,illegal_forfeit:X,5,4,2,2,0,2,3,2,1,2
761,X,X,W,normal,7,7,4,4,0,3,3,3,0,2
762,O,O,W,illegal_forfeit:X,7,6,3,3,0,2,4,3,1,2
763,X,X,W,illegal_forfeit:O,6,5,3,3,0,3,3,2,1,1
764,O,O,W,illegal_forfeit:X,5,4,2,2,0,1,3,2,1,2
765,X,X,W,illegal_forfeit:O,4,3,2,2,0,2,2,1,1,1
766,O,O,W,illegal_forfeit:X,5,4,2,2,0,2,3,2,1,2
767,X,X,W,normal,5,5,3,3,0,3,2,2,0,1
768,O,O,W,illegal_forfeit:X,5,4,2,2,0,1,3,2,1,2
769,X,X,W,illegal_forfeit:O,6,5,3,3,0,2,3,2,1,1
770,O,O,W,illegal_forfeit:X,5,4,2,2,0,2,3,2,1,1
771,X,X,W,normal,5,5,3,3,0,3,2,2,0,1
772,O,O,W,normal,6,6,3,3,0,3,3,3,0,2
773,X,X,W,illegal_forfeit:O,2,1,1,1,0,1,1,0,1,0
774,O,O,W,illegal_forfeit:X,5,4,2,2,0,1,3,2,1,2
775,X,X,W,illegal_forfeit:O,6,5,3,3,0,1,3,2,1,1
776,O,O,W,illegal_forfeit:X,3,2,1,1,0,1,2,1,1,1
777,X,X,W,illegal_forfeit:O,4,3,2,2,0,2,2,1,1,1
778,O,O,W,illegal_forfeit:X,7,6,3,3,0,2,4,3,1,2
779,X,X,W,illegal_forfeit:O,6,5,3,3,0,2,3,2,1,1
780,O,O,W,illegal_forfeit:X,7,6,3,3,0,2,4,3,1,2
781,X,X,W,illegal_forfeit:O,6,5,3,3,0,3,3,2,1,2
782,O,O,W,illegal_forfeit:X,5,4,2,2,0,2,3,2,1,2
783,X,X,W,illegal_forfeit:O,6,5,3,3,0,2,3,2,1,1
784,O,O,W,illegal_forfeit:X,5,4,2,2,0,2,3,2,1,2
785,X,X,W,normal,5,5,3,3,0,3,2,2,0,1
786,O,O,W,illegal_forfeit:X,7,6,3,3,0,3,4,3,1,3
787,X,X,W,illegal_forfeit:O,4,3,2,2,0,1,2,1,1,0
788,O,O,W,illegal_forfeit:X,3,2,1,1,0,1,2,1,1,1
789,X,X,W,illegal_forfeit:O,8,7,4,4,0,3,4,3,1,2
790,O,O,W,illegal_forfeit:X,5,4,2,2,0,2,3,2,1,2
791,X,X,W,normal,5,5,3,3,0,3,2,2,0,1
792,O,O,W,illegal_forfeit:X,3,2,1,1,0,1,2,1,1,1
793,X,X,W,illegal_forfeit:O,4,3,2,2,0,2,2,1,1,0
794,O,O,W,illegal_forfeit:X,5,4,2,2,0,2,3,2,1,2
795,X,X,W,illegal_forfeit:O,6,5,3,3,0,2,3,2,1,2
796,O,O,W,illegal_forfeit:X,3,2,1,1,0,1,2,1,1,1
797,X,X,W,illegal_forfeit:O,6,5,3,3,0,3,3,2,1,1
798,O,O,W,illegal_forfeit:X,7,6,3,3,0,1,4,3,1,2
799,X,X,W,normal,5,5,3,3,0,3,2,2,0,1
800,O,O,W,illegal_forfeit:X,5,4,2,2,0,1,3,2,1,2
801,X,X,W,illegal_forfeit:O,2,1,1,1,0,1,1,0,1,0
802,O,O,W,illegal_forfeit:X,5,4,2,2,0,1,3,2,1,2
803,X,X,W,illegal_forfeit:O,2,1,1,1,0,1,1,0,1,0
804,O,O,W,illegal_forfeit:X,7,6,3,3,0,1,4,3,1,2
805,X,O,L,normal,8,8,4,4,0,3,4,4,0,3
806,O,O,W,illegal_forfeit:X,3,2,1,1,0,1,2,1,1,1
807,X,X,W,illegal_forfeit:O,6,5,3,3,0,2,3,2,1,1
808,O,O,W,illegal_forfeit:X,7,6,3,3,0,3,4,3,1,2
809,X,X,W,illegal_forfeit:O,2,1,1,1,0,1,1,0,1,0
810,O,O,W,illegal_forfeit:X,3,2,1,1,0,1,2,1,1,1
811,X,X,W,illegal_forfeit:O,2,1,1,1,0,1,1,0,1,0
812,O,O,W,illegal_forfeit:X,9,8,4,4,0,2,5,4,1,3
813,X,X,W,illegal_forfeit:O,6,5,3,3,0,3,3,2,1,1
814,O,O,W,normal,8,8,4,4,0,3,4,4,0,2
815,X,O,L,normal,6,6,3,3,0,2,3,3,0,2
816,O,O,W,illegal_forfeit:X,5,4,2,2,0,1,3,2,1,2
817,X,X,W,illegal_forfeit:O,6,5,3,3,0,3,3,2,1,1
818,O,O,W,illegal_forfeit:X,3,2,1,1,0,1,2,1,1,1
819,X,X,W,illegal_forfeit:O,2,1,1,1,0,1,1,0,1,0
820,O,O,W,normal,8,8,4,4,0,4,4,4,0,3
821,X,X,W,illegal_forfeit:O,6,5,3,3,0,1,3,2,1,1
822,O,O,W,illegal_forfeit:X,7,6,3,3,0,3,4,3,1,2
823,X,X,W,illegal_forfeit:O,6,5,3,3,0,1,3,2,1,0
824,O,O,W,illegal_forfeit:X,7,6,3,3,0,1,4,3,1,2
825,X,X,W,normal,9,9,5,5,0,4,4,4,0,2
826,O,O,W,illegal_forfeit:X,7,6,3,3,0,3,4,3,1,2
827,X,X,W,illegal_forfeit:O,4,3,2,2,0,1,2,1,1,0
828,O,O,W,illegal_forfeit:X,7,6,3,3,0,2,4,3,1,2
829,X,X,W,normal,5,5,3,3,0,3,2,2,0,1
830,O,O,W,illegal_forfeit:X,5,4,2,2,0,1,3,2,1,2
831,X,X,W,illegal_forfeit:O,4,3,2,2,0,2,2,1,1,0
832,O,O,W,illegal_forfeit:X,7,6,3,3,0,3,4,3,1,2
833,X,X,W,normal,5,5,3,3,0,3,2,2,0,1
834,O,O,W,illegal_forfeit:X,7,6,3,3,0,2,4,3,1,3
835,X,X,W,illegal_forfeit:O,4,3,2,2,0,2,2,1,1,0
836,O,X,L,normal,7,7,3,3,0,2,4,4,0,4
837,X,X,W,illegal_forfeit:O,4,3,2,2,0,2,2,1,1,0
838,O,O,W,illegal_forfeit:X,3,2,1,1,0,1,2,1,1,1
839,X,X,W,normal,7,7,4,4,0,4,3,3,0,2
840,O,O,W,illegal_forfeit:X,3,2,1,1,0,1,2,1,1,1
841,X,X,W,normal,5,5,3,3,0,3,2,2,0,1
842,O,O,W,illegal_forfeit:X,9,8,4,4,0,2,5,4,1,2
843,X,X,W,illegal_forfeit:O,2,1,1,1,0,1,1,0,1,0
844,O,O,W,illegal_forfeit:X,7,6,3,3,0,3,4,3,1,3
845,X,X,W,illegal_forfeit:O,4,3,2,2,0,2,2,1,1,1
846,O,O,W,illegal_forfeit:X,5,4,2,2,0,1,3,2,1,2
847,X,X,W,normal,5,5,3,3,0,3,2,2,0,1
848,O,O,W,illegal_forfeit:X,5,4,2,2,0,1,3,2,1,2
849,X,X,W,normal,7,7,4,4,0,4,3,3,0,2
850,O,O,W,illegal_forfeit:X,3,2,1,1,0,1,2,1,1,1
851,X,X,W,normal,5,5,3,3,0,3,2,2,0,1
852,O,O,W,illegal_forfeit:X,5,4,2,2,0,1,3,2,1,2
853,X,X,W,illegal_forfeit:O,4,3,2,2,0,2,2,1,1,1
854,O,O,W,illegal_forfeit:X,5,4,2,2,0,2,3,2,1,2
855,X,X,W,illegal_forfeit:O,4,3,2,2,0,2,2,1,1,0
856,O,O,W,illegal_forfeit:X,3,2,1,1,0,1,2,1,1,1
857,X,X,W,illegal_forfeit:O,4,3,2,2,0,2,2,1,1,1
858,O,O,W,illegal_forfeit:X,3,2,1,1,0,1,2,1,1,1
859,X,X,W,illegal_forfeit:O,2,1,1,1,0,1,1,0,1,0
860,O,O,W,illegal_forfeit:X,5,4,2,2,0,1,3,2,1,2
861,X,X,W,illegal_forfeit:O,4,3,2,2,0,2,2,1,1,1
862,O,O,W,illegal_forfeit:X,3,2,1,1,0,1,2,1,1,1
863,X,X,W,illegal_forfeit:O,4,3,2,2,0,2,2,1,1,1
864,O,O,W,normal,6,6,3,3,0,3,3,3,0,2
865,X,X,W,illegal_forfeit:O,6,5,3,3,0,3,3,2,1,1
866,O,O,W,illegal_forfeit:X,3,2,1,1,0,1,2,1,1,1
867,X,X,W,illegal_forfeit:O,8,7,4,4,0,3,4,3,1,2
868,O,O,W,illegal_forfeit:X,5,4,2,2,0,2,3,2,1,2
869,X,X,W,illegal_forfeit:O,4,3,2,2,0,2,2,1,1,0
870,O,O,W,illegal_forfeit:X,3,2,1,1,0,1,2,1,1,1
871,X,X,W,normal,7,7,4,4,0,4,3,3,0,2
872,O,O,W,illegal_forfeit:X,5,4,2,2,0,2,3,2,1,2
873,X,X,W,illegal_forfeit:O,4,3,2,2,0,1,2,1,1,0
874,O,O,W,illegal_forfeit:X,9,8,4,4,0,3,5,4,1,2
875,X,X,W,illegal_forfeit:O,2,1,1,1,0,1,1,0,1,0
876,O,O,W,illegal_forfeit:X,5,4,2,2,0,1,3,2,1,2
877,X,X,W,normal,5,5,3,3,0,3,2,2,0,1
878,O,O,W,illegal_forfeit:X,7,6,3,3,0,2,4,3,1,2
879,X,O,L,normal,6,6,3,3,0,1,3,3,0,2
880,O,O,W,illegal_forfeit:X,3,2,1,1,0,1,2,1,1,1
881,X,X,W,illegal_forfeit:O,4,3,2,2,0,2,2,1,1,1
882,O,O,W,normal,6,6,3,3,0,3,3,3,0,2
883,X,X,W,normal,5,5,3,3,0,3,2,2,0,1
884,O,O,W,illegal_forfeit:X,3,2,1,1,0,1,2,1,1,1
885,X,X,W,illegal_forfeit:O,4,3,2,2,0,2,2,1,1,0
886,O,O,W,illegal_forfeit:X,3,2,1,1,0,1,2,1,1,1
887,X,X,W,illegal_forfeit:O,4,3,2,2,0,1,2,1,1,0
888,O,O,W,illegal_forfeit:X,3,2,1,1,0,1,2,1,1,1
889,X,X,W,illegal_forfeit:O,8,7,4,4,0,3,4,3,1,2
890,O,O,W,illegal_forfeit:X,5,4,2,2,0,2,3,2,1,2
891,X,X,W,illegal_forfeit:O,4,3,2,2,0,2,2,1,1,0
892,O,O,W,illegal_forfeit:X,7,6,3,3,0,3,4,3,1,2
893,X,X,W,illegal_forfeit:O,4,3,2,2,0,2,2,1,1,0
894,O,X,L,illegal_forfeit:O,2,1,1,0,1,0,1,1,0,1
895,X,X,W,illegal_forfeit:O,2,1,1,1,0,1,1,0,1,0
896,O,O,W,illegal_forfeit:X,3,2,1,1,0,1,2,1,1,1
897,X,X,W,illegal_forfeit:O,6,5,3,3,0,1,3,2,1,0
898,O,O,W,illegal_forfeit:X,7,6,3,3,0,3,4,3,1,2
899,X,X,W,illegal_forfeit:O,8,7,4,4,0,2,4,3,1,1
900,O,O,W,illegal_forfeit:X,7,6,3,3,0,1,4,3,1,2
901,X,X,W,illegal_forfeit:O,6,5,3,3,0,3,3,2,1,1
902,O,O,W,illegal_forfeit:X,3,2,1,1,0,1,2,1,1,1
903,X,X,W,illegal_forfeit:O,6,5,3,3,0,2,3,2,1,0
904,O,O,W,illegal_forfeit:X,7,6,3,3,0,2,4,3,1,3
905,X,X,W,illegal_forfeit:O,2,1,1,1,0,1,1,0,1,0
906,O,O,W,normal,8,8,4,4,0,4,4,4,0,3
907,X,X,W,illegal_forfeit:O,2,1,1,1,0,1,1,0,1,0
908,O,O,W,illegal_forfeit:X,5,4,2,2,0,2,3,2,1,2
909,X,X,W,illegal_forfeit:O,6,5,3,3,0,2,3,2,1,1
910,O,O,W,illegal_forfeit:X,7,6,3,3,0,2,4,3,1,2
911,X,X,W,illegal_forfeit:O,4,3,2,2,0,2,2,1,1,1
912,O,O,W,illegal_forfeit:X,3,2,1,1,0,1,2,1,1,1
913,X,X,W,illegal_forfeit:O,4,3,2,2,0,2,2,1,1,1
914,O,O,W,illegal_forfeit:X,5,4,2,2,0,1,3,2,1,2
915,X,X,W,illegal_forfeit:O,4,3,2,2,0,1,2,1,1,0
916,O,O,W,normal,6,6,3,3,0,3,3,3,0,2
917,X,X,W,normal,5,5,3,3,0,3,2,2,0,1
918,O,O,W,illegal_forfeit:X,7,6,3,3,0,1,4,3,1,2
919,X,X,W,normal,5,5,3,3,0,3,2,2,0,1
920,O,O,W,illegal_forfeit:X,3,2,1,1,0,1,2,1,1,1
921,X,X,W,illegal_forfeit:O,2,1,1,1,0,1,1,0,1,0
922,O,O,W,illegal_forfeit:X,5,4,2,2,0,2,3,2,1,1
923,X,X,W,illegal_forfeit:O,6,5,3,3,0,2,3,2,1,1
924,O,O,W,illegal_forfeit:X,3,2,1,1,0,1,2,1,1,1
925,X,X,W,normal,5,5,3,3,0,3,2,2,0,1
926,O,O,W,illegal_forfeit:X,5,4,2,2,0,2,3,2,1,2
927,X,X,W,normal,7,7,4,4,0,4,3,3,0,2
928,O,O,W,illegal_forfeit:X,7,6,3,3,0,2,4,3,1,2
929,X,X,W,illegal_forfeit:O,4,3,2,2,0,2,2,1,1,1
930,O,O,W,illegal_forfeit:X,5,4,2,2,0,1,3,2,1,2
931,X,X,W,illegal_forfeit:O,6,5,3,3,0,2,3,2,1,1
932,O,O,W,illegal_forfeit:X,7,6,3,3,0,2,4,3,1,2
933,X,X,W,illegal_forfeit:O,6,5,3,3,0,1,3,2,1,1
934,O,X,L,normal,7,7,3,3,0,1,4,4,0,3
935,X,X,W,illegal_forfeit:O,4,3,2,2,0,2,2,1,1,1
936,O,O,W,normal,8,8,4,4,0,2,4,4,0,2
937,X,X,W,illegal_forfeit:O,6,5,3,3,0,2,3,2,1,1
938,O,O,W,illegal_forfeit:X,7,6,3,3,0,2,4,3,1,2
939,X,X,W,illegal_forfeit:O,6,5,3,3,0,1,3,2,1,0
940,O,O,W,illegal_forfeit:X,5,4,2,2,0,1,3,2,1,2
941,X,X,W,normal,7,7,4,4,0,4,3,3,0,2
942,O,O,W,illegal_forfeit:X,5,4,2,2,0,2,3,2,1,2
943,X,X,W,illegal_forfeit:O,6,5,3,3,0,3,3,2,1,1
944,O,O,W,illegal_forfeit:X,3,2,1,1,0,1,2,1,1,1
945,X,X,W,illegal_forfeit:O,4,3,2,2,0,2,2,1,1,1
946,O,O,W,illegal_forfeit:X,7,6,3,3,0,3,4,3,1,2
947,X,X,W,illegal_forfeit:O,2,1,1,1,0,1,1,0,1,0
948,O,O,W,illegal_forfeit:X,5,4,2,2,0,1,3,2,1,2
949,X,X,W,illegal_forfeit:O,4,3,2,2,0,2,2,1,1,1
950,O,O,W,illegal_forfeit:X,3,2,1,1,0,1,2,1,1,1
951,X,X,W,illegal_forfeit:O,4,3,2,2,0,2,2,1,1,0
952,O,O,W,illegal_forfeit:X,5,4,2,2,0,2,3,2,1,2
953,X,X,W,illegal_forfeit:O,6,5,3,3,0,2,3,2,1,1
954,O,O,W,normal,8,8,4,4,0,3,4,4,0,2
955,X,X,W,illegal_forfeit:O,6,5,3,3,0,2,3,2,1,1
956,O,O,W,illegal_forfeit:X,5,4,2,2,0,2,3,2,1,2
957,X,X,W,illegal_forfeit:O,6,5,3,3,0,2,3,2,1,2
958,O,O,W,illegal_forfeit:X,9,8,4,4,0,4,5,4,1,4
959,X,X,W,illegal_forfeit:O,6,5,3,3,0,3,3,2,1,1
960,O,O,W,illegal_forfeit:X,3,2,1,1,0,1,2,1,1,1
961,X,X,W,illegal_forfeit:O,6,5,3,3,0,2,3,2,1,0
962,O,O,W,illegal_forfeit:X,7,6,3,3,0,2,4,3,1,2
963,X,X,W,illegal_forfeit:O,4,3,2,2,0,2,2,1,1,0
964,O,O,W,normal,8,8,4,4,0,3,4,4,0,3
965,X,X,W,illegal_forfeit:O,6,5,3,3,0,2,3,2,1,1
966,O,O,W,illegal_forfeit:X,3,2,1,1,0,1,2,1,1,1
967,X,X,W,illegal_forfeit:O,6,5,3,3,0,2,3,2,1,1
968,O,O,W,normal,6,6,3,3,0,3,3,3,0,2
969,X,X,W,illegal_forfeit:O,4,3,2,2,0,2,2,1,1,0
970,O,X,L,normal,7,7,3,3,0,2,4,4,0,3
971,X,X,W,illegal_forfeit:O,6,5,3,3,0,3,3,2,1,2
972,O,O,W,illegal_forfeit:X,7,6,3,3,0,2,4,3,1,2
973,X,X,W,illegal_forfeit:O,6,5,3,3,0,2,3,2,1,1
974,O,O,W,illegal_forfeit:X,7,6,3,3,0,2,4,3,1,3
975,X,X,W,illegal_forfeit:O,6,5,3,3,0,1,3,2,1,1
976,O,O,W,illegal_forfeit:X,3,2,1,1,0,1,2,1,1,1
977,X,X,W,illegal_forfeit:O,4,3,2,2,0,2,2,1,1,1
978,O,O,W,illegal_forfeit:X,5,4,2,2,0,2,3,2,1,2
979,X,X,W,illegal_forfeit:O,2,1,1,1,0,1,1,0,1,0
980,O,O,W,illegal_forfeit:X,3,2,1,1,0,1,2,1,1,1
981,X,X,W,illegal_forfeit:O,8,7,4,4,0,3,4,3,1,2
982,O,O,W,normal,6,6,3,3,0,3,3,3,0,2
983,X,X,W,illegal_forfeit:O,4,3,2,2,0,1,2,1,1,0
984,O,O,W,illegal_forfeit:X,5,4,2,2,0,2,3,2,1,1
985,X,X,W,normal,5,5,3,3,0,3,2,2,0,1
986,O,O,W,illegal_forfeit:X,7,6,3,3,0,2,4,3,1,2
987,X,X,W,illegal_forfeit:O,6,5,3,3,0,3,3,2,1,1
988,O,X,L,illegal_forfeit:O,2,1,1,0,1,0,1,1,0,1
989,X,X,W,illegal_forfeit:O,2,1,1,1,0,1,1,0,1,0
990,O,O,W,illegal_forfeit:X,3,2,1,1,0,1,2,1,1,1
991,X,X,W,illegal_forfeit:O,4,3,2,2,0,2,2,1,1,1
992,O,O,W,illegal_forfeit:X,5,4,2,2,0,2,3,2,1,2
993,X,X,W,illegal_forfeit:O,4,3,2,2,0,2,2,1,1,1
994,O,O,W,illegal_forfeit:X,7,6,3,3,0,3,4,3,1,3
995,X,X,W,illegal_forfeit:O,8,7,4,4,0,1,4,3,1,0
996,O,O,W,illegal_forfeit:X,5,4,2,2,0,2,3,2,1,2
997,X,X,W,illegal_forfeit:O,4,3,2,2,0,2,2,1,1,1
998,O,O,W,illegal_forfeit:X,3,2,1,1,0,1,2,1,1,1
999,X,X,W,normal,9,9,5,5,0,5,4,4,0,3
1000,O,O,W,illegal_forfeit:X,7,6,3,3,0,3,4,3,1,2
